mean_abs_err,mean_sigma,mean_z,median_z,gaussian_ece
0.5023614168167114,0.5474259257316589,0.9173123836517334,0.9122108817100525,0.02300586264656616
