row,col,x,y,entropy_gain,uncertainty_gain,distance,entropy_norm,uncertainty_norm,distance_norm,score
25,15,15.115776081424936,25.346055979643765,26.523038451512587,57.599999999999994,29.154759474226502,1.0,1.0,1.0,0.6000000000000001
3,10,10.125925925925927,2.5185185185185186,23.576034179122303,42.60000000000001,10.44030650891055,0.8000000000000002,0.5967741935483875,0.0,0.5790322580645163
1,29,28.923076923076923,1.4615384615384615,11.788017089561151,20.4,29.017236257093817,0.0,0.0,0.9926514968197276,-0.19853029936394553
