step,drift,failure_rate,heuristic_regret,self_healing_trigger,safe_mode,risk_scale,uncertainty_scale,ethical_scale,trust,learned_lambda,drift_threshold,failure_threshold,linear_velocity,angular_velocity,inflation_radius,lambda_used
1,0.1,0.0,0.1,False,False,1.0,1.0,1.0,0.8,0.7,0.6,0.4,0.5263157894736842,0.8771929824561404,0.45599999999999996,0.725
2,0.1,0.0,0.1,False,False,2.4000000000000004,1.2100000000000002,1.56,0.8500000000000001,0.7,0.6,0.4,0.145028425571412,0.24171404261901996,1.0,0.6
3,0.7,0.1,0.2,True,False,1.4,1.4,1.0,0.7000000000000001,0.75,0.63,0.43000000000000005,0.3541912632821724,0.5903187721369539,0.6776,0.75
4,0.4,0.7,0.9,False,True,1.8,1.5,1.0,0.4,0.7,0.66,0.4600000000000001,0.2,0.39123630672926446,1.0,0.725
