x,y,score,region,priority
7.125925925925927,2.518518518518519,0.14917970720495696,top-left,combined
