model,mse,nll,uce,num_samples
dropout,0.3996370732784271,117.33879089355467,0.3976622866195006,60
ensemble,0.451979249715805,14.369155883789062,0.4370429568303127,60
