mse,nll,uce,num_samples
0.3996370732784271,117.33879089355469,0.3976622866195006,60
