mse,nll,uce,num_samples
0.45197924971580505,14.369155883789062,0.43704295683031275,60
