metric,mean,std
base_mse,0.4215391933917999,0.0811206311496283
online_mse_before,0.6200103461742401,0.13283871506708686
online_mse_after,0.6197427988052369,0.13274277429739542
