k_sigma,empirical_coverage,ideal_coverage,coverage_diff,abs_coverage_diff
1.0,0.7135678391959799,0.6827,0.030867839195979907,[0.03086784 0.03544975 0.0027    ]
2.0,0.9899497487437185,0.9545,0.035449748743718534,[0.03086784 0.03544975 0.0027    ]
3.0,1.0,0.9973,0.0027000000000000357,[0.03086784 0.03544975 0.0027    ]
